,2_A_all_pvalues,2_A_all_coefs,1_B_all_pvalues,1_B_all_coefs,1_C_all_pvalues,1_C_all_coefs,1_DRB1_all_pvalues,1_DRB1_all_coefs,2_DRB1_all_pvalues,2_DRB1_all_coefs,2_A_ashkenazim_pvalues,2_A_ashkenazim_coefs,1_B_ashkenazim_pvalues,1_B_ashkenazim_coefs,1_C_ashkenazim_pvalues,1_C_ashkenazim_coefs,1_DRB1_ashkenazim_pvalues,1_DRB1_ashkenazim_coefs
Homozygous,0.0291660699770272,-0.0940211055333281,0.0080299713970185,-0.0627167180285899,0.0006051816464104,-0.060355483474849,3.280544428261377e-05,-0.0802092989428892,0.002873000788423,-0.130336569144741,0.0168527228715632,-0.1487891321513906,0.0029337684801383,-0.105819666775536,0.0045992035193775,-0.0744744634959403,0.0011517986542234,-0.0957608834391688
count,1.0,1.0,1.0,1.0,1.0,1.0,1.0,1.0,1.0,1.0,1.0,1.0,1.0,1.0,1.0,1.0,1.0,1.0
