,2_B_all_pvalues,2_B_all_coefs,2_C_all_pvalues,2_C_all_coefs,1_DRB1_all_pvalues,1_DRB1_all_coefs,2_DRB1_all_pvalues,2_DRB1_all_coefs,1_A_ashkenazim_pvalues,1_A_ashkenazim_coefs,1_B_ashkenazim_pvalues,1_B_ashkenazim_coefs,2_B_ashkenazim_pvalues,2_B_ashkenazim_coefs,2_C_ashkenazim_pvalues,2_C_ashkenazim_coefs,2_DRB1_ashkenazim_pvalues,2_DRB1_ashkenazim_coefs
Homozygous,0.0009406812780483,-0.0993962904465945,8.044208362400685e-06,-0.0996316962470791,0.0087671273627521,-0.0660073111284649,9.19722546449201e-06,-0.1082971672451273,0.0042082486833838,-0.1090194163778206,0.0444215256934806,-0.0930610150722119,0.0066901264012912,-0.119742279317759,0.0002430813721362,-0.1210150707258248,0.0005680966145353,-0.1267750426245596
count,1.0,1.0,1.0,1.0,1.0,1.0,1.0,1.0,1.0,1.0,1.0,1.0,1.0,1.0,1.0,1.0,1.0,1.0
