,A_all_pvalues,A_all_coefs,B_all_pvalues,B_all_coefs,C_all_pvalues,C_all_coefs,DRB1_all_pvalues,DRB1_all_coefs,A_ashkenazim_pvalues,A_ashkenazim_coefs,B_ashkenazim_pvalues,B_ashkenazim_coefs,C_ashkenazim_pvalues,C_ashkenazim_coefs,DRB1_ashkenazim_pvalues,DRB1_ashkenazim_coefs
Homozygous,0.0192289933568965,-0.041253237230625,0.0038339964016433,-0.0630098074144427,0.0001047354458789,-0.062877827292923,8.106312683263171e-07,-0.0880312966673826,0.0101209144610469,-0.0672209201151697,0.0009672200983514,-0.1072492606168352,0.0075596496044819,-0.0638060824910326,0.0002864688337824,-0.0976230138483069
count,1.0,1.0,1.0,1.0,1.0,1.0,1.0,1.0,1.0,1.0,1.0,1.0,1.0,1.0,1.0,1.0
