,all_soldiers,ashkenazim
A*01:03_inter_BMI,0.2816099035611346,0.0
A*02:02,-0.0874544926930354,0.0
A*02:03,-0.7119811743012059,-1.824105875042841
A*02:06_inter_BMI,0.0,1.15774180794912
A*24:04_inter_BMI,0.0,-0.912413759389149
A*24:07,0.1317094756835986,0.0
A*24:07_inter_BMI,0.0,0.7029883648487941
A*25:01,0.139956481914378,0.2050838278120307
A*31:01,0.1217778238321106,0.0
A*32:01,0.0584760888592566,0.1077967620486956
A*33:03,0.1215525886081391,0.0
A*68:01,-0.1150430496819345,0.0
B*15:03,0.0,0.3361058400957398
B*15:18,0.0,0.4652031398343592
B*27:02,0.2145194788782994,0.3492218353076409
B*27:07,0.1863015212010729,0.3084552626040253
B*27:07_inter_BMI,0.0,-0.6697611041640203
B*35:08,-0.0775307337988782,0.0
B*37:01,-0.1427987529070476,0.0
B*38:01,0.0816595133483814,0.1753003436147196
B*38:02,0.5716962279241943,0.9935943078104954
B*39:01,0.0,0.2207502071901407
B*40:01,0.0,0.2553885619340515
B*44:03,0.1393242723210273,0.2367986642783509
B*44:05,0.0,0.299811057933366
B*44:05_inter_BMI,-0.4042281605937939,0.0
B*49:01,0.0,0.12906833906441
B*51:06,0.1607308008486674,0.4356470780569608
B*55:01,0.0,0.188850001764044
B*58:01,0.1739410044923833,0.1936335487259671
B*73:01,-0.2648225067937934,0.0
C*01:02,0.0,-0.1711554025240661
C*01:02_inter_BMI,0.3594971023988992,0.0
C*03:03,0.0,-0.1665222402072111
C*03:03_inter_BMI,0.2482030719947903,0.0
C*03:04,-0.1456899383079824,-0.2036463369053798
C*05:01,0.1263176686295831,0.1465421392455145
C*14:02_inter_BMI,0.0,0.3772735268858706
C*15:02,0.1030363318347578,0.0
DQB1*02:02,-0.2082242501683916,-0.1560925403538336
DQB1*06:04,0.1746548200688794,0.0
DQB1*06:04_inter_BMI,-0.3101168745174519,-0.5266373480786212
DRB1*03:01,0.2390714344716985,0.2452287846569536
DRB1*04:01,0.1466311697457487,0.0
DRB1*04:02,0.141464471335937,0.0
DRB1*04:04,0.1164758938796423,0.0
DRB1*04:05,0.1616932562673499,0.0
DRB1*04:07,0.3193587647639767,0.362427753734197
DRB1*07:01,0.1627214661294574,0.1611501054357426
DRB1*08:04,-0.1614602120283543,0.0
DRB1*09:01,0.1724957146129853,0.0
DRB1*10:01,0.1899897848725,0.0
DRB1*11:01,0.2121328113992018,0.2279633357892371
DRB1*11:04,0.1339450115695397,0.1118590946313895
DRB1*12:01,0.1057280562088401,0.0
DRB1*13:02,-0.1401788992525285,0.0
DRB1*13:02_inter_BMI,0.2930042686704297,0.5353604089390972
DRB1*13:03,0.0,0.146450377003483
DRB1*14:01_inter_BMI,-0.2962150574437082,0.0
DRB1*14:06_inter_BMI,0.0,0.8407016101647334
DRB1*15:03,-0.3160502135396444,0.0
